fileid,prediction
melspec_0.npy,['Speech']
melspec_1.npy,['Speech']
melspec_10.npy,['Speech']
melspec_100.npy,['Speech']
melspec_1000.npy,['Speech']
melspec_1001.npy,['Speech']
melspec_1002.npy,"['Blender, Speech']"
melspec_1003.npy,['Speech']
melspec_1004.npy,['Speech']
melspec_1005.npy,['Speech']
melspec_1006.npy,['Speech']
melspec_1007.npy,['Speech']
melspec_1008.npy,"['Blender, Speech']"
melspec_1009.npy,['Speech']
melspec_101.npy,['Speech']
melspec_1010.npy,"['Cat, Speech']"
melspec_1011.npy,['Silence']
melspec_1012.npy,['Blender']
melspec_1013.npy,['Speech']
melspec_1014.npy,['Speech']
melspec_1015.npy,['Speech']
melspec_1016.npy,['Speech']
melspec_1017.npy,['Speech']
melspec_1018.npy,['Speech']
melspec_1019.npy,['Speech']
melspec_102.npy,['Speech']
melspec_1020.npy,"['Blender, Speech']"
melspec_1021.npy,['Speech']
melspec_1022.npy,['Speech']
melspec_1023.npy,"['Dog, Speech']"
melspec_1024.npy,['Speech']
melspec_1025.npy,['Speech']
melspec_1026.npy,['Silence']
melspec_1027.npy,['Speech']
melspec_1028.npy,['Speech']
melspec_1029.npy,['Speech']
melspec_103.npy,['Speech']
melspec_1030.npy,['Silence']
melspec_1031.npy,['Speech']
melspec_1032.npy,['Speech']
melspec_1033.npy,['Speech']
melspec_1034.npy,['Speech']
melspec_1035.npy,"['Blender, Speech']"
melspec_1036.npy,['Speech']
melspec_1037.npy,"['Blender, Speech']"
melspec_1038.npy,['Blender']
melspec_1039.npy,['Speech']
melspec_104.npy,['Silence']
melspec_1040.npy,['Speech']
melspec_1041.npy,['Speech']
melspec_1042.npy,['Silence']
melspec_1043.npy,['Speech']
melspec_1044.npy,['Speech']
melspec_1045.npy,['Speech']
melspec_1046.npy,['Speech']
melspec_1047.npy,['Silence']
melspec_1048.npy,"['Blender, Speech']"
melspec_1049.npy,"['Cat, Speech']"
melspec_105.npy,['Speech']
melspec_1050.npy,['Silence']
melspec_1051.npy,['Silence']
melspec_1052.npy,['Speech']
melspec_1053.npy,['Silence']
melspec_1054.npy,['Silence']
melspec_1055.npy,['Speech']
melspec_1056.npy,['Speech']
melspec_1057.npy,"['Blender, Speech']"
melspec_1058.npy,['Speech']
melspec_1059.npy,['Speech']
melspec_106.npy,['Silence']
melspec_1060.npy,"['Blender, Speech']"
melspec_1061.npy,['Speech']
melspec_1062.npy,['Speech']
melspec_1063.npy,['Speech']
melspec_1064.npy,['Speech']
melspec_1065.npy,['Speech']
melspec_1066.npy,['Speech']
melspec_1067.npy,['Speech']
melspec_1068.npy,['Speech']
melspec_1069.npy,['Speech']
melspec_107.npy,['Speech']
melspec_1070.npy,['Speech']
melspec_1071.npy,['Silence']
melspec_1072.npy,['Silence']
melspec_1073.npy,['Speech']
melspec_1074.npy,['Speech']
melspec_1075.npy,['Speech']
melspec_1076.npy,['Silence']
melspec_1077.npy,"['Blender, Speech']"
melspec_1078.npy,['Speech']
melspec_1079.npy,['Speech']
melspec_108.npy,"['Cat, Speech']"
melspec_1080.npy,['Speech']
melspec_1081.npy,['Speech']
melspec_1082.npy,['Speech']
melspec_1083.npy,['Speech']
melspec_1084.npy,['Speech']
melspec_1085.npy,['Speech']
melspec_1086.npy,['Speech']
melspec_1087.npy,['Speech']
melspec_1088.npy,['Speech']
melspec_1089.npy,['Speech']
melspec_109.npy,['Speech']
melspec_1090.npy,['Speech']
melspec_1091.npy,['Silence']
melspec_1092.npy,['Speech']
melspec_1093.npy,['Speech']
melspec_1094.npy,['Speech']
melspec_1095.npy,['Speech']
melspec_1096.npy,['Speech']
melspec_1097.npy,['Speech']
melspec_1098.npy,['Speech']
melspec_1099.npy,"['Cat, Speech']"
melspec_11.npy,['Speech']
melspec_110.npy,['Speech']
melspec_1100.npy,['Speech']
melspec_1101.npy,['Speech']
melspec_1102.npy,['Silence']
melspec_1103.npy,['Speech']
melspec_1104.npy,['Speech']
melspec_1105.npy,['Speech']
melspec_1106.npy,['Speech']
melspec_1107.npy,['Silence']
melspec_1108.npy,"['Blender, Cat, Speech']"
melspec_1109.npy,['Speech']
melspec_111.npy,['Speech']
melspec_1110.npy,['Speech']
melspec_1111.npy,['Speech']
melspec_1112.npy,['Speech']
melspec_1113.npy,['Speech']
melspec_1114.npy,['Speech']
melspec_1115.npy,['Speech']
melspec_1116.npy,['Speech']
melspec_1117.npy,['Speech']
melspec_1118.npy,['Speech']
melspec_1119.npy,['Silence']
melspec_112.npy,['Speech']
melspec_1120.npy,['Speech']
melspec_1121.npy,['Speech']
melspec_1122.npy,['Speech']
melspec_1123.npy,['Silence']
melspec_1124.npy,['Speech']
melspec_1125.npy,['Speech']
melspec_1126.npy,"['Blender, Speech']"
melspec_1127.npy,['Speech']
melspec_1128.npy,['Speech']
melspec_1129.npy,['Speech']
melspec_113.npy,"['Dog, Speech']"
melspec_1130.npy,['Speech']
melspec_1131.npy,"['Blender, Cat, Speech']"
melspec_1132.npy,['Speech']
melspec_1133.npy,"['Blender, Speech']"
melspec_1134.npy,['Speech']
melspec_1135.npy,"['Cat, Speech']"
melspec_1136.npy,['Speech']
melspec_1137.npy,['Speech']
melspec_1138.npy,['Speech']
melspec_1139.npy,['Speech']
melspec_114.npy,['Speech']
melspec_1140.npy,"['Dog, Speech']"
melspec_1141.npy,"['Blender, Speech']"
melspec_1142.npy,['Speech']
melspec_1143.npy,['Speech']
melspec_1144.npy,['Speech']
melspec_1145.npy,['Speech']
melspec_1146.npy,['Speech']
melspec_1147.npy,['Speech']
melspec_1148.npy,['Speech']
melspec_1149.npy,['Silence']
melspec_115.npy,['Speech']
melspec_1150.npy,['Speech']
melspec_1151.npy,['Speech']
melspec_1152.npy,"['Blender, Speech']"
melspec_1153.npy,"['Blender, Speech']"
melspec_1154.npy,['Silence']
melspec_1155.npy,['Speech']
melspec_1156.npy,['Speech']
melspec_1157.npy,['Silence']
melspec_1158.npy,['Speech']
melspec_1159.npy,['Speech']
melspec_116.npy,['Silence']
melspec_1160.npy,['Speech']
melspec_1161.npy,['Speech']
melspec_1162.npy,"['Blender, Speech']"
melspec_1163.npy,['Speech']
melspec_1164.npy,['Speech']
melspec_1165.npy,['Speech']
melspec_1166.npy,['Speech']
melspec_1167.npy,['Speech']
melspec_1168.npy,['Speech']
melspec_1169.npy,['Silence']
melspec_117.npy,['Speech']
melspec_1170.npy,['Speech']
melspec_1171.npy,['Silence']
melspec_1172.npy,['Speech']
melspec_1173.npy,['Speech']
melspec_1174.npy,['Speech']
melspec_1175.npy,['Silence']
melspec_1176.npy,['Speech']
melspec_1177.npy,"['Blender, Speech']"
melspec_1178.npy,"['Blender, Speech']"
melspec_1179.npy,['Speech']
melspec_118.npy,['Speech']
melspec_1180.npy,['Speech']
melspec_1181.npy,['Speech']
melspec_1182.npy,['Speech']
melspec_1183.npy,"['Blender, Speech']"
melspec_1184.npy,['Speech']
melspec_1185.npy,['Speech']
melspec_1186.npy,['Silence']
melspec_1187.npy,['Speech']
melspec_1188.npy,['Silence']
melspec_1189.npy,['Speech']
melspec_119.npy,['Speech']
melspec_1190.npy,['Silence']
melspec_1191.npy,['Speech']
melspec_1192.npy,['Speech']
melspec_1193.npy,['Speech']
melspec_1194.npy,['Speech']
melspec_1195.npy,"['Blender, Speech']"
melspec_1196.npy,['Speech']
melspec_1197.npy,['Speech']
melspec_1198.npy,['Speech']
melspec_1199.npy,['Speech']
melspec_12.npy,['Speech']
melspec_120.npy,['Silence']
melspec_1200.npy,['Silence']
melspec_1201.npy,['Speech']
melspec_1202.npy,['Speech']
melspec_1203.npy,['Blender']
melspec_1204.npy,['Silence']
melspec_1205.npy,['Speech']
melspec_1206.npy,['Speech']
melspec_1207.npy,['Speech']
melspec_1208.npy,['Speech']
melspec_1209.npy,['Speech']
melspec_121.npy,['Speech']
melspec_1210.npy,['Speech']
melspec_1211.npy,['Speech']
melspec_1212.npy,['Speech']
melspec_1213.npy,"['Blender, Speech']"
melspec_1214.npy,['Speech']
melspec_1215.npy,['Speech']
melspec_1216.npy,['Silence']
melspec_1217.npy,['Speech']
melspec_1218.npy,['Speech']
melspec_1219.npy,['Speech']
melspec_122.npy,['Speech']
melspec_1220.npy,['Speech']
melspec_1221.npy,['Speech']
melspec_1222.npy,['Speech']
melspec_1223.npy,['Speech']
melspec_1224.npy,['Speech']
melspec_1225.npy,['Speech']
melspec_1226.npy,['Speech']
melspec_1227.npy,"['Blender, Speech']"
melspec_1228.npy,['Speech']
melspec_1229.npy,['Speech']
melspec_123.npy,['Speech']
melspec_1230.npy,['Silence']
melspec_1231.npy,['Silence']
melspec_1232.npy,['Silence']
melspec_1233.npy,['Speech']
melspec_1234.npy,['Blender']
melspec_1235.npy,['Silence']
melspec_1236.npy,['Speech']
melspec_1237.npy,['Speech']
melspec_1238.npy,['Speech']
melspec_1239.npy,['Speech']
melspec_124.npy,['Silence']
melspec_1240.npy,['Speech']
melspec_1241.npy,['Speech']
melspec_1242.npy,['Silence']
melspec_1243.npy,['Speech']
melspec_1244.npy,['Speech']
melspec_1245.npy,['Speech']
melspec_1246.npy,['Speech']
melspec_1247.npy,"['Blender, Speech']"
melspec_1248.npy,['Speech']
melspec_1249.npy,['Speech']
melspec_125.npy,['Speech']
melspec_1250.npy,['Speech']
melspec_1251.npy,"['Dog, Speech']"
melspec_1252.npy,['Silence']
melspec_1253.npy,['Speech']
melspec_1254.npy,['Speech']
melspec_1255.npy,['Speech']
melspec_1256.npy,"['Blender, Dog, Speech']"
melspec_1257.npy,['Speech']
melspec_1258.npy,['Silence']
melspec_1259.npy,['Speech']
melspec_126.npy,['Speech']
melspec_1260.npy,['Speech']
melspec_1261.npy,['Speech']
melspec_1262.npy,['Speech']
melspec_1263.npy,['Speech']
melspec_1264.npy,['Speech']
melspec_1265.npy,['Speech']
melspec_1266.npy,['Speech']
melspec_1267.npy,['Speech']
melspec_1268.npy,['Speech']
melspec_1269.npy,"['Blender, Speech']"
melspec_127.npy,['Speech']
melspec_1270.npy,['Speech']
melspec_1271.npy,['Speech']
melspec_1272.npy,['Speech']
melspec_1273.npy,['Speech']
melspec_1274.npy,['Speech']
melspec_1275.npy,['Speech']
melspec_1276.npy,['Speech']
melspec_1277.npy,['Speech']
melspec_1278.npy,['Speech']
melspec_1279.npy,"['Blender, Speech']"
melspec_128.npy,['Silence']
melspec_1280.npy,['Speech']
melspec_1281.npy,['Speech']
melspec_1282.npy,"['Blender, Dog, Speech']"
melspec_1283.npy,['Speech']
melspec_1284.npy,['Speech']
melspec_1285.npy,['Speech']
melspec_1286.npy,['Speech']
melspec_1287.npy,['Speech']
melspec_1288.npy,['Speech']
melspec_1289.npy,['Speech']
melspec_129.npy,['Speech']
melspec_1290.npy,['Silence']
melspec_1291.npy,['Silence']
melspec_1292.npy,['Speech']
melspec_1293.npy,['Silence']
melspec_1294.npy,['Speech']
melspec_1295.npy,['Speech']
melspec_1296.npy,['Speech']
melspec_1297.npy,['Speech']
melspec_1298.npy,['Cat']
melspec_1299.npy,['Speech']
melspec_13.npy,['Speech']
melspec_130.npy,['Speech']
melspec_1300.npy,['Speech']
melspec_1301.npy,['Speech']
melspec_1302.npy,['Speech']
melspec_1303.npy,['Speech']
melspec_1304.npy,['Speech']
melspec_1305.npy,['Speech']
melspec_1306.npy,['Speech']
melspec_1307.npy,['Speech']
melspec_1308.npy,['Speech']
melspec_1309.npy,"['Blender, Speech']"
melspec_131.npy,['Speech']
melspec_1310.npy,['Speech']
melspec_1311.npy,['Speech']
melspec_1312.npy,['Speech']
melspec_1313.npy,['Speech']
melspec_1314.npy,['Speech']
melspec_1315.npy,['Silence']
melspec_1316.npy,['Speech']
melspec_1317.npy,"['Blender, Speech']"
melspec_1318.npy,['Speech']
melspec_1319.npy,['Silence']
melspec_132.npy,['Speech']
melspec_1320.npy,['Speech']
melspec_1321.npy,['Speech']
melspec_1322.npy,['Silence']
melspec_1323.npy,['Speech']
melspec_1324.npy,['Silence']
melspec_1325.npy,['Speech']
melspec_1326.npy,['Speech']
melspec_1327.npy,"['Blender, Dog, Speech']"
melspec_1328.npy,['Speech']
melspec_1329.npy,['Speech']
melspec_133.npy,['Blender']
melspec_1330.npy,['Silence']
melspec_1331.npy,['Speech']
melspec_1332.npy,['Speech']
melspec_1333.npy,['Speech']
melspec_1334.npy,['Silence']
melspec_1335.npy,['Speech']
melspec_1336.npy,['Speech']
melspec_1337.npy,"['Blender, Speech']"
melspec_1338.npy,['Speech']
melspec_1339.npy,"['Blender, Speech']"
melspec_134.npy,['Speech']
melspec_1340.npy,['Speech']
melspec_1341.npy,['Speech']
melspec_1342.npy,['Silence']
melspec_1343.npy,['Speech']
melspec_1344.npy,['Speech']
melspec_1345.npy,['Speech']
melspec_1346.npy,['Silence']
melspec_1347.npy,"['Dog, Speech']"
melspec_1348.npy,['Speech']
melspec_1349.npy,['Speech']
melspec_135.npy,['Speech']
melspec_1350.npy,['Speech']
melspec_1351.npy,['Speech']
melspec_1352.npy,['Speech']
melspec_1353.npy,['Speech']
melspec_1354.npy,['Speech']
melspec_1355.npy,['Speech']
melspec_1356.npy,['Speech']
melspec_1357.npy,['Speech']
melspec_1358.npy,['Speech']
melspec_1359.npy,['Speech']
melspec_136.npy,['Speech']
melspec_1360.npy,['Speech']
melspec_1361.npy,"['Blender, Speech']"
melspec_1362.npy,['Speech']
melspec_1363.npy,['Speech']
melspec_1364.npy,['Speech']
melspec_1365.npy,['Speech']
melspec_1366.npy,['Speech']
melspec_1367.npy,"['Dog, Speech']"
melspec_1368.npy,['Speech']
melspec_1369.npy,['Speech']
melspec_137.npy,['Speech']
melspec_1370.npy,['Speech']
melspec_1371.npy,['Silence']
melspec_1372.npy,['Speech']
melspec_1373.npy,['Speech']
melspec_1374.npy,['Speech']
melspec_1375.npy,"['Blender, Speech']"
melspec_1376.npy,['Blender']
melspec_1377.npy,['Speech']
melspec_1378.npy,['Speech']
melspec_1379.npy,['Speech']
melspec_138.npy,['Silence']
melspec_1380.npy,['Silence']
melspec_1381.npy,['Speech']
melspec_1382.npy,['Speech']
melspec_1383.npy,['Speech']
melspec_1384.npy,['Silence']
melspec_1385.npy,['Speech']
melspec_1386.npy,['Speech']
melspec_1387.npy,['Speech']
melspec_1388.npy,['Speech']
melspec_1389.npy,['Speech']
melspec_139.npy,['Silence']
melspec_1390.npy,['Speech']
melspec_1391.npy,['Speech']
melspec_1392.npy,['Speech']
melspec_1393.npy,['Speech']
melspec_1394.npy,['Speech']
melspec_1395.npy,['Speech']
melspec_1396.npy,['Silence']
melspec_1397.npy,['Silence']
melspec_1398.npy,['Silence']
melspec_1399.npy,['Silence']
melspec_14.npy,['Speech']
melspec_140.npy,['Speech']
melspec_1400.npy,['Speech']
melspec_1401.npy,['Speech']
melspec_1402.npy,['Speech']
melspec_1403.npy,['Speech']
melspec_1404.npy,['Speech']
melspec_1405.npy,['Silence']
melspec_1406.npy,['Speech']
melspec_1407.npy,"['Blender, Speech']"
melspec_1408.npy,['Silence']
melspec_1409.npy,['Speech']
melspec_141.npy,['Speech']
melspec_1410.npy,['Speech']
melspec_1411.npy,['Speech']
melspec_1412.npy,['Speech']
melspec_1413.npy,['Speech']
melspec_1414.npy,['Silence']
melspec_1415.npy,"['Blender, Speech']"
melspec_1416.npy,['Silence']
melspec_1417.npy,['Speech']
melspec_1418.npy,['Speech']
melspec_1419.npy,['Silence']
melspec_142.npy,['Speech']
melspec_1420.npy,['Speech']
melspec_1421.npy,"['Blender, Speech']"
melspec_1422.npy,['Speech']
melspec_1423.npy,"['Blender, Speech']"
melspec_1424.npy,"['Blender, Speech']"
melspec_1425.npy,['Speech']
melspec_1426.npy,['Speech']
melspec_1427.npy,['Silence']
melspec_1428.npy,['Speech']
melspec_1429.npy,['Speech']
melspec_143.npy,['Speech']
melspec_1430.npy,['Silence']
melspec_1431.npy,['Speech']
melspec_1432.npy,['Speech']
melspec_1433.npy,['Silence']
melspec_1434.npy,['Speech']
melspec_1435.npy,['Speech']
melspec_1436.npy,['Speech']
melspec_1437.npy,['Speech']
melspec_1438.npy,['Speech']
melspec_1439.npy,['Silence']
melspec_144.npy,['Speech']
melspec_1440.npy,['Speech']
melspec_1441.npy,['Speech']
melspec_1442.npy,['Blender']
melspec_1443.npy,['Silence']
melspec_1444.npy,['Speech']
melspec_1445.npy,['Speech']
melspec_1446.npy,['Speech']
melspec_1447.npy,['Speech']
melspec_1448.npy,"['Blender, Speech']"
melspec_1449.npy,['Speech']
melspec_145.npy,['Silence']
melspec_1450.npy,['Speech']
melspec_1451.npy,['Silence']
melspec_1452.npy,['Speech']
melspec_1453.npy,['Speech']
melspec_1454.npy,['Speech']
melspec_1455.npy,['Silence']
melspec_1456.npy,['Speech']
melspec_1457.npy,['Speech']
melspec_1458.npy,['Speech']
melspec_1459.npy,['Silence']
melspec_146.npy,['Silence']
melspec_1460.npy,['Speech']
melspec_1461.npy,['Speech']
melspec_1462.npy,['Speech']
melspec_1463.npy,['Speech']
melspec_1464.npy,['Speech']
melspec_1465.npy,['Speech']
melspec_1466.npy,['Speech']
melspec_1467.npy,['Speech']
melspec_1468.npy,['Speech']
melspec_1469.npy,['Silence']
melspec_147.npy,['Speech']
melspec_1470.npy,"['Dog, Speech']"
melspec_1471.npy,['Speech']
melspec_1472.npy,['Speech']
melspec_1473.npy,"['Blender, Speech']"
melspec_1474.npy,['Speech']
melspec_1475.npy,['Speech']
melspec_1476.npy,['Speech']
melspec_1477.npy,['Speech']
melspec_1478.npy,['Speech']
melspec_1479.npy,['Speech']
melspec_148.npy,"['Blender, Speech']"
melspec_1480.npy,['Speech']
melspec_1481.npy,['Speech']
melspec_1482.npy,['Silence']
melspec_1483.npy,['Speech']
melspec_1484.npy,['Speech']
melspec_1485.npy,['Speech']
melspec_1486.npy,['Speech']
melspec_1487.npy,['Silence']
melspec_1488.npy,['Speech']
melspec_1489.npy,['Speech']
melspec_149.npy,['Speech']
melspec_1490.npy,['Speech']
melspec_1491.npy,['Speech']
melspec_1492.npy,['Silence']
melspec_1493.npy,['Silence']
melspec_1494.npy,['Speech']
melspec_1495.npy,['Speech']
melspec_1496.npy,['Speech']
melspec_1497.npy,['Speech']
melspec_1498.npy,"['Blender, Speech']"
melspec_1499.npy,['Speech']
melspec_15.npy,['Speech']
melspec_150.npy,['Speech']
melspec_1500.npy,['Speech']
melspec_1501.npy,['Speech']
melspec_1502.npy,['Speech']
melspec_1503.npy,['Silence']
melspec_1504.npy,"['Dog, Speech']"
melspec_1505.npy,['Speech']
melspec_1506.npy,['Speech']
melspec_1507.npy,['Speech']
melspec_1508.npy,['Speech']
melspec_1509.npy,['Speech']
melspec_151.npy,['Speech']
melspec_1510.npy,['Speech']
melspec_1511.npy,"['Blender, Speech']"
melspec_1512.npy,['Speech']
melspec_1513.npy,['Speech']
melspec_1514.npy,['Silence']
melspec_1515.npy,['Speech']
melspec_1516.npy,['Speech']
melspec_1517.npy,"['Dog, Speech']"
melspec_1518.npy,['Speech']
melspec_1519.npy,['Speech']
melspec_152.npy,['Speech']
melspec_1520.npy,['Silence']
melspec_1521.npy,"['Blender, Speech']"
melspec_1522.npy,['Speech']
melspec_1523.npy,['Speech']
melspec_1524.npy,['Speech']
melspec_1525.npy,['Speech']
melspec_1526.npy,['Speech']
melspec_1527.npy,['Silence']
melspec_1528.npy,['Speech']
melspec_1529.npy,['Silence']
melspec_153.npy,['Silence']
melspec_1530.npy,['Speech']
melspec_1531.npy,['Speech']
melspec_1532.npy,['Speech']
melspec_1533.npy,['Speech']
melspec_1534.npy,['Speech']
melspec_1535.npy,['Speech']
melspec_1536.npy,['Speech']
melspec_1537.npy,['Speech']
melspec_1538.npy,['Speech']
melspec_1539.npy,['Speech']
melspec_154.npy,['Speech']
melspec_1540.npy,['Silence']
melspec_1541.npy,['Speech']
melspec_1542.npy,['Speech']
melspec_1543.npy,['Speech']
melspec_1544.npy,['Speech']
melspec_1545.npy,['Silence']
melspec_1546.npy,['Silence']
melspec_1547.npy,['Speech']
melspec_1548.npy,['Silence']
melspec_1549.npy,['Speech']
melspec_155.npy,['Speech']
melspec_1550.npy,['Silence']
melspec_1551.npy,['Speech']
melspec_1552.npy,['Speech']
melspec_1553.npy,['Speech']
melspec_1554.npy,['Silence']
melspec_1555.npy,['Speech']
melspec_1556.npy,"['Blender, Speech']"
melspec_1557.npy,['Speech']
melspec_1558.npy,['Speech']
melspec_1559.npy,['Speech']
melspec_156.npy,['Speech']
melspec_1560.npy,['Speech']
melspec_1561.npy,['Speech']
melspec_1562.npy,['Speech']
melspec_1563.npy,['Speech']
melspec_1564.npy,['Silence']
melspec_1565.npy,['Speech']
melspec_1566.npy,['Speech']
melspec_1567.npy,['Speech']
melspec_1568.npy,['Speech']
melspec_1569.npy,['Speech']
melspec_157.npy,['Speech']
melspec_1570.npy,['Speech']
melspec_1571.npy,['Speech']
melspec_1572.npy,['Silence']
melspec_1573.npy,['Speech']
melspec_1574.npy,"['Blender, Speech']"
melspec_1575.npy,['Speech']
melspec_1576.npy,['Speech']
melspec_1577.npy,['Speech']
melspec_1578.npy,['Speech']
melspec_1579.npy,['Speech']
melspec_158.npy,['Speech']
melspec_1580.npy,"['Blender, Speech']"
melspec_1581.npy,['Speech']
melspec_1582.npy,['Silence']
melspec_1583.npy,['Speech']
melspec_1584.npy,['Speech']
melspec_1585.npy,"['Electric_shaver_toothbrush, Speech']"
melspec_1586.npy,['Speech']
melspec_1587.npy,['Silence']
melspec_1588.npy,['Speech']
melspec_1589.npy,"['Dog, Speech']"
melspec_159.npy,['Speech']
melspec_1590.npy,['Speech']
melspec_1591.npy,['Speech']
melspec_1592.npy,['Speech']
melspec_1593.npy,['Speech']
melspec_1594.npy,['Speech']
melspec_1595.npy,['Speech']
melspec_1596.npy,['Speech']
melspec_1597.npy,['Speech']
melspec_1598.npy,"['Blender, Speech']"
melspec_1599.npy,['Speech']
melspec_16.npy,['Speech']
melspec_160.npy,['Silence']
melspec_1600.npy,['Silence']
melspec_1601.npy,['Speech']
melspec_1602.npy,['Speech']
melspec_1603.npy,['Speech']
melspec_1604.npy,['Silence']
melspec_1605.npy,['Silence']
melspec_1606.npy,['Speech']
melspec_1607.npy,['Speech']
melspec_1608.npy,['Speech']
melspec_1609.npy,['Speech']
melspec_161.npy,['Speech']
melspec_1610.npy,['Speech']
melspec_1611.npy,['Speech']
melspec_1612.npy,['Speech']
melspec_1613.npy,['Speech']
melspec_1614.npy,['Speech']
melspec_1615.npy,['Speech']
melspec_1616.npy,['Speech']
melspec_1617.npy,['Speech']
melspec_1618.npy,['Speech']
melspec_1619.npy,['Speech']
melspec_162.npy,['Speech']
melspec_1620.npy,"['Blender, Speech']"
melspec_1621.npy,['Speech']
melspec_1622.npy,['Speech']
melspec_1623.npy,['Speech']
melspec_1624.npy,"['Blender, Speech']"
melspec_1625.npy,"['Blender, Speech']"
melspec_1626.npy,['Speech']
melspec_1627.npy,['Speech']
melspec_1628.npy,"['Blender, Speech']"
melspec_1629.npy,['Speech']
melspec_163.npy,['Silence']
melspec_1630.npy,['Silence']
melspec_1631.npy,['Speech']
melspec_1632.npy,['Speech']
melspec_1633.npy,['Silence']
melspec_1634.npy,['Speech']
melspec_1635.npy,['Speech']
melspec_1636.npy,"['Blender, Dog, Speech']"
melspec_1637.npy,['Speech']
melspec_1638.npy,['Speech']
melspec_1639.npy,['Silence']
melspec_164.npy,['Speech']
melspec_1640.npy,['Speech']
melspec_1641.npy,['Speech']
melspec_1642.npy,['Speech']
melspec_1643.npy,"['Electric_shaver_toothbrush, Speech']"
melspec_1644.npy,['Silence']
melspec_1645.npy,['Speech']
melspec_1646.npy,['Speech']
melspec_1647.npy,"['Blender, Speech']"
melspec_1648.npy,['Silence']
melspec_1649.npy,['Speech']
melspec_165.npy,['Speech']
melspec_1650.npy,['Speech']
melspec_1651.npy,['Speech']
melspec_1652.npy,['Speech']
melspec_1653.npy,['Speech']
melspec_1654.npy,['Speech']
melspec_1655.npy,['Speech']
melspec_1656.npy,['Speech']
melspec_1657.npy,"['Blender, Speech']"
melspec_1658.npy,['Speech']
melspec_1659.npy,['Silence']
melspec_166.npy,['Silence']
melspec_1660.npy,['Speech']
melspec_1661.npy,['Silence']
melspec_1662.npy,['Speech']
melspec_1663.npy,['Silence']
melspec_1664.npy,['Speech']
melspec_1665.npy,"['Blender, Dog, Speech']"
melspec_1666.npy,['Speech']
melspec_1667.npy,['Speech']
melspec_1668.npy,['Speech']
melspec_1669.npy,['Blender']
melspec_167.npy,['Speech']
melspec_1670.npy,['Speech']
melspec_1671.npy,['Silence']
melspec_1672.npy,['Speech']
melspec_1673.npy,['Speech']
melspec_1674.npy,['Speech']
melspec_1675.npy,['Speech']
melspec_1676.npy,['Speech']
melspec_1677.npy,['Speech']
melspec_1678.npy,['Speech']
melspec_1679.npy,['Silence']
melspec_168.npy,['Speech']
melspec_1680.npy,['Speech']
melspec_1681.npy,"['Blender, Speech']"
melspec_1682.npy,['Speech']
melspec_1683.npy,['Speech']
melspec_1684.npy,['Speech']
melspec_1685.npy,['Speech']
melspec_1686.npy,['Speech']
melspec_1687.npy,['Speech']
melspec_1688.npy,['Speech']
melspec_1689.npy,['Speech']
melspec_169.npy,"['Blender, Speech']"
melspec_1690.npy,['Speech']
melspec_1691.npy,"['Blender, Speech']"
melspec_1692.npy,['Speech']
melspec_1693.npy,['Silence']
melspec_1694.npy,['Speech']
melspec_1695.npy,['Speech']
melspec_1696.npy,"['Dog, Speech']"
melspec_1697.npy,['Speech']
melspec_1698.npy,['Speech']
melspec_1699.npy,['Speech']
melspec_17.npy,['Silence']
melspec_170.npy,['Speech']
melspec_1700.npy,"['Blender, Speech']"
melspec_1701.npy,['Speech']
melspec_1702.npy,['Speech']
melspec_1703.npy,['Speech']
melspec_1704.npy,['Speech']
melspec_1705.npy,['Speech']
melspec_1706.npy,['Speech']
melspec_1707.npy,['Speech']
melspec_1708.npy,['Speech']
melspec_1709.npy,['Speech']
melspec_171.npy,['Speech']
melspec_1710.npy,['Speech']
melspec_1711.npy,['Speech']
melspec_1712.npy,['Speech']
melspec_1713.npy,['Silence']
melspec_1714.npy,['Speech']
melspec_1715.npy,['Speech']
melspec_1716.npy,['Speech']
melspec_1717.npy,['Speech']
melspec_1718.npy,['Speech']
melspec_1719.npy,['Speech']
melspec_172.npy,"['Blender, Speech']"
melspec_1720.npy,['Silence']
melspec_1721.npy,['Silence']
melspec_1722.npy,['Speech']
melspec_1723.npy,['Speech']
melspec_1724.npy,['Speech']
melspec_1725.npy,['Speech']
melspec_1726.npy,['Speech']
melspec_1727.npy,['Speech']
melspec_1728.npy,['Speech']
melspec_1729.npy,['Speech']
melspec_173.npy,"['Dog, Speech']"
melspec_1730.npy,['Speech']
melspec_1731.npy,['Speech']
melspec_1732.npy,"['Cat, Speech']"
melspec_1733.npy,['Speech']
melspec_1734.npy,['Speech']
melspec_1735.npy,['Speech']
melspec_1736.npy,['Speech']
melspec_1737.npy,['Speech']
melspec_1738.npy,['Speech']
melspec_1739.npy,['Speech']
melspec_174.npy,['Speech']
melspec_1740.npy,['Speech']
melspec_1741.npy,['Speech']
melspec_1742.npy,['Speech']
melspec_1743.npy,['Speech']
melspec_1744.npy,"['Blender, Speech']"
melspec_1745.npy,"['Dog, Speech']"
melspec_1746.npy,['Speech']
melspec_1747.npy,['Speech']
melspec_1748.npy,['Speech']
melspec_1749.npy,['Silence']
melspec_175.npy,['Speech']
melspec_1750.npy,['Speech']
melspec_1751.npy,['Speech']
melspec_1752.npy,['Speech']
melspec_1753.npy,['Speech']
melspec_1754.npy,['Silence']
melspec_1755.npy,['Speech']
melspec_1756.npy,['Speech']
melspec_1757.npy,"['Blender, Speech']"
melspec_1758.npy,['Speech']
melspec_1759.npy,['Speech']
melspec_176.npy,['Speech']
melspec_1760.npy,['Speech']
melspec_1761.npy,['Speech']
melspec_1762.npy,['Speech']
melspec_1763.npy,['Speech']
melspec_1764.npy,['Speech']
melspec_1765.npy,['Speech']
melspec_1766.npy,['Silence']
melspec_1767.npy,['Speech']
melspec_1768.npy,['Silence']
melspec_1769.npy,"['Blender, Speech']"
melspec_177.npy,"['Blender, Speech']"
melspec_1770.npy,['Speech']
melspec_1771.npy,['Silence']
melspec_1772.npy,['Speech']
melspec_1773.npy,['Silence']
melspec_1774.npy,['Speech']
melspec_1775.npy,"['Blender, Dog, Speech']"
melspec_1776.npy,['Speech']
melspec_1777.npy,['Speech']
melspec_1778.npy,['Speech']
melspec_1779.npy,['Speech']
melspec_178.npy,['Speech']
melspec_1780.npy,['Speech']
melspec_1781.npy,"['Blender, Speech']"
melspec_1782.npy,['Speech']
melspec_1783.npy,['Silence']
melspec_1784.npy,['Speech']
melspec_1785.npy,['Speech']
melspec_1786.npy,['Speech']
melspec_1787.npy,['Speech']
melspec_1788.npy,['Silence']
melspec_1789.npy,['Speech']
melspec_179.npy,['Speech']
melspec_1790.npy,['Speech']
melspec_1791.npy,['Speech']
melspec_1792.npy,['Speech']
melspec_1793.npy,['Speech']
melspec_1794.npy,['Speech']
melspec_1795.npy,['Speech']
melspec_1796.npy,['Silence']
melspec_1797.npy,['Speech']
melspec_1798.npy,['Speech']
melspec_1799.npy,['Silence']
melspec_18.npy,['Silence']
melspec_180.npy,['Speech']
melspec_1800.npy,['Speech']
melspec_1801.npy,"['Blender, Speech']"
melspec_1802.npy,['Speech']
melspec_1803.npy,['Speech']
melspec_1804.npy,['Speech']
melspec_1805.npy,['Speech']
melspec_1806.npy,['Speech']
melspec_1807.npy,['Speech']
melspec_1808.npy,['Speech']
melspec_1809.npy,['Silence']
melspec_181.npy,"['Dog, Speech']"
melspec_1810.npy,['Speech']
melspec_1811.npy,['Speech']
melspec_1812.npy,"['Blender, Speech']"
melspec_1813.npy,['Speech']
melspec_1814.npy,['Speech']
melspec_1815.npy,['Speech']
melspec_1816.npy,['Speech']
melspec_1817.npy,['Speech']
melspec_1818.npy,['Speech']
melspec_1819.npy,['Silence']
melspec_182.npy,['Speech']
melspec_1820.npy,"['Dog, Speech']"
melspec_1821.npy,['Speech']
melspec_1822.npy,['Speech']
melspec_1823.npy,['Silence']
melspec_1824.npy,['Silence']
melspec_1825.npy,['Speech']
melspec_1826.npy,['Silence']
melspec_1827.npy,['Speech']
melspec_1828.npy,['Speech']
melspec_1829.npy,['Speech']
melspec_183.npy,['Speech']
melspec_1830.npy,['Speech']
melspec_1831.npy,['Speech']
melspec_1832.npy,['Speech']
melspec_1833.npy,['Speech']
melspec_1834.npy,['Speech']
melspec_1835.npy,['Speech']
melspec_1836.npy,"['Electric_shaver_toothbrush, Speech']"
melspec_1837.npy,['Speech']
melspec_1838.npy,['Speech']
melspec_1839.npy,"['Cat, Speech']"
melspec_184.npy,['Speech']
melspec_1840.npy,['Speech']
melspec_1841.npy,['Silence']
melspec_1842.npy,['Speech']
melspec_1843.npy,['Speech']
melspec_1844.npy,['Speech']
melspec_1845.npy,['Speech']
melspec_1846.npy,['Speech']
melspec_1847.npy,['Silence']
melspec_1848.npy,['Blender']
melspec_1849.npy,['Speech']
melspec_185.npy,['Speech']
melspec_1850.npy,['Speech']
melspec_1851.npy,['Speech']
melspec_1852.npy,['Speech']
melspec_1853.npy,['Speech']
melspec_1854.npy,['Speech']
melspec_1855.npy,['Speech']
melspec_1856.npy,['Speech']
melspec_1857.npy,['Speech']
melspec_1858.npy,['Speech']
melspec_1859.npy,['Silence']
melspec_186.npy,['Speech']
melspec_1860.npy,['Speech']
melspec_1861.npy,['Speech']
melspec_1862.npy,['Speech']
melspec_1863.npy,['Speech']
melspec_1864.npy,['Speech']
melspec_1865.npy,['Speech']
melspec_1866.npy,['Speech']
melspec_1867.npy,['Speech']
melspec_1868.npy,['Speech']
melspec_1869.npy,['Speech']
melspec_187.npy,['Speech']
melspec_1870.npy,"['Blender, Speech']"
melspec_1871.npy,['Speech']
melspec_1872.npy,['Speech']
melspec_1873.npy,['Speech']
melspec_1874.npy,"['Blender, Speech']"
melspec_1875.npy,['Speech']
melspec_1876.npy,['Speech']
melspec_1877.npy,['Speech']
melspec_1878.npy,['Speech']
melspec_1879.npy,['Speech']
melspec_188.npy,"['Blender, Dog, Speech']"
melspec_1880.npy,['Silence']
melspec_1881.npy,['Speech']
melspec_1882.npy,['Speech']
melspec_1883.npy,['Speech']
melspec_1884.npy,['Silence']
melspec_1885.npy,['Speech']
melspec_1886.npy,['Speech']
melspec_1887.npy,['Speech']
melspec_1888.npy,"['Blender, Speech']"
melspec_1889.npy,"['Blender, Speech']"
melspec_189.npy,['Speech']
melspec_1890.npy,['Speech']
melspec_1891.npy,['Speech']
melspec_1892.npy,"['Cat, Speech']"
melspec_1893.npy,['Speech']
melspec_1894.npy,['Speech']
melspec_1895.npy,['Speech']
melspec_1896.npy,['Speech']
melspec_1897.npy,['Speech']
melspec_1898.npy,['Speech']
melspec_1899.npy,['Silence']
melspec_19.npy,['Speech']
melspec_190.npy,['Speech']
melspec_1900.npy,['Speech']
melspec_1901.npy,['Speech']
melspec_1902.npy,['Speech']
melspec_1903.npy,['Speech']
melspec_1904.npy,['Blender']
melspec_1905.npy,['Silence']
melspec_1906.npy,['Speech']
melspec_1907.npy,['Speech']
melspec_1908.npy,['Speech']
melspec_1909.npy,"['Blender, Speech']"
melspec_191.npy,['Silence']
melspec_1910.npy,"['Dog, Speech']"
melspec_1911.npy,['Speech']
melspec_1912.npy,"['Dog, Speech']"
melspec_1913.npy,['Silence']
melspec_1914.npy,['Speech']
melspec_1915.npy,['Speech']
melspec_1916.npy,['Silence']
melspec_1917.npy,['Silence']
melspec_1918.npy,['Speech']
melspec_1919.npy,['Blender']
melspec_192.npy,['Speech']
melspec_1920.npy,['Silence']
melspec_1921.npy,['Speech']
melspec_1922.npy,['Speech']
melspec_1923.npy,['Silence']
melspec_1924.npy,['Speech']
melspec_1925.npy,['Speech']
melspec_1926.npy,['Speech']
melspec_1927.npy,['Speech']
melspec_1928.npy,['Speech']
melspec_1929.npy,['Speech']
melspec_193.npy,['Speech']
melspec_1930.npy,['Speech']
melspec_1931.npy,['Speech']
melspec_1932.npy,['Speech']
melspec_1933.npy,['Speech']
melspec_1934.npy,['Silence']
melspec_1935.npy,['Speech']
melspec_1936.npy,['Speech']
melspec_1937.npy,['Speech']
melspec_1938.npy,['Silence']
melspec_1939.npy,['Speech']
melspec_194.npy,['Speech']
melspec_1940.npy,['Speech']
melspec_1941.npy,['Silence']
melspec_1942.npy,['Speech']
melspec_1943.npy,['Speech']
melspec_1944.npy,['Speech']
melspec_1945.npy,['Speech']
melspec_1946.npy,['Speech']
melspec_1947.npy,['Speech']
melspec_1948.npy,['Silence']
melspec_1949.npy,['Speech']
melspec_195.npy,"['Cat, Speech']"
melspec_1950.npy,['Speech']
melspec_1951.npy,['Silence']
melspec_1952.npy,['Speech']
melspec_1953.npy,['Silence']
melspec_1954.npy,['Silence']
melspec_1955.npy,"['Blender, Speech']"
melspec_1956.npy,['Speech']
melspec_1957.npy,['Speech']
melspec_1958.npy,"['Cat, Dog, Speech']"
melspec_1959.npy,['Speech']
melspec_196.npy,['Speech']
melspec_1960.npy,['Speech']
melspec_1961.npy,"['Cat, Speech']"
melspec_1962.npy,['Speech']
melspec_1963.npy,"['Blender, Speech']"
melspec_1964.npy,['Speech']
melspec_1965.npy,['Speech']
melspec_1966.npy,['Silence']
melspec_1967.npy,['Speech']
melspec_1968.npy,['Speech']
melspec_1969.npy,['Speech']
melspec_197.npy,['Silence']
melspec_1970.npy,['Speech']
melspec_1971.npy,"['Blender, Speech']"
melspec_1972.npy,['Speech']
melspec_1973.npy,['Speech']
melspec_1974.npy,['Speech']
melspec_1975.npy,['Speech']
melspec_1976.npy,"['Blender, Speech']"
melspec_1977.npy,['Blender']
melspec_1978.npy,['Speech']
melspec_1979.npy,['Speech']
melspec_198.npy,['Silence']
melspec_1980.npy,['Speech']
melspec_1981.npy,['Speech']
melspec_1982.npy,['Silence']
melspec_1983.npy,['Speech']
melspec_1984.npy,"['Dog, Speech']"
melspec_1985.npy,['Speech']
melspec_1986.npy,"['Running_water, Speech']"
melspec_1987.npy,['Silence']
melspec_1988.npy,['Speech']
melspec_1989.npy,"['Electric_shaver_toothbrush, Speech']"
melspec_199.npy,['Speech']
melspec_1990.npy,['Speech']
melspec_1991.npy,['Speech']
melspec_1992.npy,"['Blender, Speech']"
melspec_1993.npy,"['Cat, Speech']"
melspec_1994.npy,['Speech']
melspec_1995.npy,['Speech']
melspec_1996.npy,['Silence']
melspec_1997.npy,['Speech']
melspec_1998.npy,['Speech']
melspec_1999.npy,['Speech']
melspec_2.npy,['Speech']
melspec_20.npy,['Speech']
melspec_200.npy,['Speech']
melspec_2000.npy,['Speech']
melspec_2001.npy,['Speech']
melspec_2002.npy,['Silence']
melspec_2003.npy,['Speech']
melspec_2004.npy,['Speech']
melspec_2005.npy,['Speech']
melspec_2006.npy,['Silence']
melspec_2007.npy,['Speech']
melspec_2008.npy,['Speech']
melspec_2009.npy,['Speech']
melspec_201.npy,['Speech']
melspec_2010.npy,['Speech']
melspec_2011.npy,['Silence']
melspec_2012.npy,['Speech']
melspec_2013.npy,['Speech']
melspec_2014.npy,['Speech']
melspec_2015.npy,['Speech']
melspec_2016.npy,['Speech']
melspec_2017.npy,['Speech']
melspec_2018.npy,['Blender']
melspec_2019.npy,['Speech']
melspec_202.npy,['Speech']
melspec_2020.npy,"['Blender, Speech']"
melspec_2021.npy,['Speech']
melspec_2022.npy,"['Blender, Speech']"
melspec_2023.npy,['Blender']
melspec_2024.npy,['Speech']
melspec_2025.npy,['Silence']
melspec_2026.npy,['Speech']
melspec_2027.npy,['Silence']
melspec_2028.npy,['Silence']
melspec_2029.npy,['Speech']
melspec_203.npy,['Speech']
melspec_2030.npy,['Speech']
melspec_2031.npy,['Speech']
melspec_2032.npy,['Speech']
melspec_2033.npy,['Speech']
melspec_2034.npy,['Silence']
melspec_2035.npy,['Speech']
melspec_2036.npy,['Speech']
melspec_2037.npy,['Speech']
melspec_2038.npy,['Speech']
melspec_2039.npy,['Speech']
melspec_204.npy,['Silence']
melspec_2040.npy,['Speech']
melspec_2041.npy,['Speech']
melspec_2042.npy,['Speech']
melspec_2043.npy,['Speech']
melspec_2044.npy,['Speech']
melspec_2045.npy,['Speech']
melspec_2046.npy,['Speech']
melspec_2047.npy,['Silence']
melspec_2048.npy,['Speech']
melspec_2049.npy,['Speech']
melspec_205.npy,['Silence']
melspec_2050.npy,['Speech']
melspec_2051.npy,['Speech']
melspec_2052.npy,['Speech']
melspec_2053.npy,['Speech']
melspec_2054.npy,['Speech']
melspec_2055.npy,['Speech']
melspec_2056.npy,"['Blender, Speech']"
melspec_2057.npy,['Speech']
melspec_2058.npy,['Speech']
melspec_2059.npy,['Speech']
melspec_206.npy,['Silence']
melspec_2060.npy,['Silence']
melspec_2061.npy,['Speech']
melspec_2062.npy,['Speech']
melspec_2063.npy,['Speech']
melspec_2064.npy,['Speech']
melspec_2065.npy,['Speech']
melspec_2066.npy,['Speech']
melspec_2067.npy,['Speech']
melspec_2068.npy,['Speech']
melspec_2069.npy,['Silence']
melspec_207.npy,"['Blender, Speech']"
melspec_2070.npy,['Silence']
melspec_2071.npy,['Speech']
melspec_2072.npy,['Speech']
melspec_2073.npy,"['Dog, Speech']"
melspec_2074.npy,['Speech']
melspec_2075.npy,['Silence']
melspec_2076.npy,['Speech']
melspec_2077.npy,['Speech']
melspec_2078.npy,['Speech']
melspec_2079.npy,['Speech']
melspec_208.npy,['Speech']
melspec_2080.npy,['Speech']
melspec_2081.npy,['Speech']
melspec_2082.npy,['Silence']
melspec_2083.npy,['Speech']
melspec_2084.npy,['Speech']
melspec_2085.npy,['Speech']
melspec_2086.npy,['Speech']
melspec_2087.npy,['Speech']
melspec_2088.npy,['Silence']
melspec_2089.npy,['Speech']
melspec_209.npy,"['Blender, Speech']"
melspec_2090.npy,['Speech']
melspec_2091.npy,['Speech']
melspec_2092.npy,['Speech']
melspec_2093.npy,['Speech']
melspec_2094.npy,['Silence']
melspec_2095.npy,['Speech']
melspec_2096.npy,['Speech']
melspec_2097.npy,"['Blender, Speech']"
melspec_2098.npy,['Speech']
melspec_2099.npy,['Silence']
melspec_21.npy,['Speech']
melspec_210.npy,['Speech']
melspec_2100.npy,['Silence']
melspec_2101.npy,['Speech']
melspec_2102.npy,['Speech']
melspec_2103.npy,['Speech']
melspec_2104.npy,"['Blender, Speech']"
melspec_2105.npy,['Speech']
melspec_2106.npy,['Speech']
melspec_2107.npy,['Speech']
melspec_2108.npy,['Speech']
melspec_2109.npy,['Speech']
melspec_211.npy,['Speech']
melspec_2110.npy,['Silence']
melspec_2111.npy,['Speech']
melspec_2112.npy,['Speech']
melspec_2113.npy,['Speech']
melspec_2114.npy,['Silence']
melspec_2115.npy,['Speech']
melspec_2116.npy,['Speech']
melspec_2117.npy,['Speech']
melspec_2118.npy,['Speech']
melspec_2119.npy,['Silence']
melspec_212.npy,['Speech']
melspec_2120.npy,['Silence']
melspec_2121.npy,"['Blender, Speech']"
melspec_2122.npy,['Speech']
melspec_2123.npy,['Speech']
melspec_2124.npy,['Speech']
melspec_2125.npy,['Speech']
melspec_2126.npy,['Speech']
melspec_2127.npy,"['Blender, Speech']"
melspec_2128.npy,['Speech']
melspec_2129.npy,"['Blender, Speech']"
melspec_213.npy,['Speech']
melspec_2130.npy,['Silence']
melspec_2131.npy,['Silence']
melspec_2132.npy,['Silence']
melspec_2133.npy,['Speech']
melspec_2134.npy,['Silence']
melspec_2135.npy,['Speech']
melspec_2136.npy,['Speech']
melspec_2137.npy,['Speech']
melspec_2138.npy,['Speech']
melspec_2139.npy,['Speech']
melspec_214.npy,['Speech']
melspec_2140.npy,['Silence']
melspec_2141.npy,['Speech']
melspec_2142.npy,['Speech']
melspec_2143.npy,"['Blender, Speech']"
melspec_2144.npy,"['Blender, Speech']"
melspec_2145.npy,['Blender']
melspec_2146.npy,['Silence']
melspec_2147.npy,['Speech']
melspec_2148.npy,['Speech']
melspec_2149.npy,['Speech']
melspec_215.npy,['Speech']
melspec_2150.npy,['Speech']
melspec_2151.npy,['Speech']
melspec_2152.npy,['Speech']
melspec_2153.npy,['Speech']
melspec_2154.npy,['Speech']
melspec_2155.npy,['Speech']
melspec_2156.npy,"['Blender, Electric_shaver_toothbrush, Speech']"
melspec_2157.npy,['Speech']
melspec_2158.npy,"['Frying, Speech']"
melspec_2159.npy,['Speech']
melspec_216.npy,['Speech']
melspec_2160.npy,['Speech']
melspec_2161.npy,['Speech']
melspec_2162.npy,"['Blender, Speech']"
melspec_2163.npy,['Speech']
melspec_2164.npy,['Silence']
melspec_2165.npy,"['Blender, Speech']"
melspec_2166.npy,['Speech']
melspec_2167.npy,['Silence']
melspec_2168.npy,['Speech']
melspec_2169.npy,['Silence']
melspec_217.npy,"['Dog, Speech']"
melspec_2170.npy,['Speech']
melspec_2171.npy,['Speech']
melspec_2172.npy,['Silence']
melspec_2173.npy,['Speech']
melspec_2174.npy,['Speech']
melspec_2175.npy,['Speech']
melspec_2176.npy,['Speech']
melspec_2177.npy,['Silence']
melspec_2178.npy,['Blender']
melspec_2179.npy,['Speech']
melspec_218.npy,"['Blender, Speech']"
melspec_2180.npy,['Silence']
melspec_2181.npy,['Speech']
melspec_2182.npy,['Speech']
melspec_2183.npy,['Speech']
melspec_2184.npy,['Speech']
melspec_2185.npy,['Speech']
melspec_2186.npy,['Silence']
melspec_2187.npy,['Speech']
melspec_2188.npy,['Silence']
melspec_2189.npy,['Speech']
melspec_219.npy,['Speech']
melspec_2190.npy,"['Blender, Speech']"
melspec_2191.npy,['Speech']
melspec_2192.npy,['Speech']
melspec_2193.npy,['Speech']
melspec_2194.npy,['Speech']
melspec_2195.npy,['Speech']
melspec_2196.npy,['Speech']
melspec_2197.npy,['Speech']
melspec_2198.npy,['Speech']
melspec_2199.npy,['Silence']
melspec_22.npy,['Speech']
melspec_220.npy,['Speech']
melspec_2200.npy,['Speech']
melspec_2201.npy,['Speech']
melspec_2202.npy,['Speech']
melspec_2203.npy,['Speech']
melspec_2204.npy,['Speech']
melspec_2205.npy,['Speech']
melspec_2206.npy,['Speech']
melspec_2207.npy,"['Blender, Speech']"
melspec_2208.npy,['Speech']
melspec_2209.npy,['Speech']
melspec_221.npy,['Speech']
melspec_2210.npy,['Speech']
melspec_2211.npy,['Speech']
melspec_2212.npy,['Speech']
melspec_2213.npy,"['Blender, Speech']"
melspec_2214.npy,"['Blender, Speech']"
melspec_2215.npy,['Speech']
melspec_2216.npy,['Speech']
melspec_2217.npy,['Speech']
melspec_2218.npy,['Speech']
melspec_2219.npy,['Speech']
melspec_222.npy,['Speech']
melspec_2220.npy,['Speech']
melspec_2221.npy,['Speech']
melspec_2222.npy,['Speech']
melspec_2223.npy,['Silence']
melspec_2224.npy,['Speech']
melspec_2225.npy,['Speech']
melspec_2226.npy,['Speech']
melspec_2227.npy,['Blender']
melspec_2228.npy,['Speech']
melspec_2229.npy,['Speech']
melspec_223.npy,"['Dog, Speech']"
melspec_2230.npy,['Speech']
melspec_2231.npy,['Speech']
melspec_2232.npy,['Speech']
melspec_2233.npy,['Silence']
melspec_2234.npy,['Speech']
melspec_2235.npy,['Silence']
melspec_2236.npy,['Speech']
melspec_2237.npy,['Speech']
melspec_2238.npy,"['Blender, Speech']"
melspec_2239.npy,['Speech']
melspec_224.npy,"['Blender, Speech']"
melspec_2240.npy,['Speech']
melspec_2241.npy,['Silence']
melspec_2242.npy,['Speech']
melspec_2243.npy,['Speech']
melspec_2244.npy,['Silence']
melspec_2245.npy,['Speech']
melspec_2246.npy,['Speech']
melspec_2247.npy,['Speech']
melspec_2248.npy,['Speech']
melspec_2249.npy,['Speech']
melspec_225.npy,['Silence']
melspec_2250.npy,['Speech']
melspec_2251.npy,['Silence']
melspec_2252.npy,['Speech']
melspec_2253.npy,['Speech']
melspec_2254.npy,['Speech']
melspec_2255.npy,['Speech']
melspec_2256.npy,['Speech']
melspec_2257.npy,"['Blender, Speech']"
melspec_2258.npy,['Speech']
melspec_2259.npy,['Speech']
melspec_226.npy,['Silence']
melspec_2260.npy,['Speech']
melspec_2261.npy,['Silence']
melspec_2262.npy,['Speech']
melspec_2263.npy,['Speech']
melspec_2264.npy,['Speech']
melspec_2265.npy,['Speech']
melspec_2266.npy,['Speech']
melspec_2267.npy,['Speech']
melspec_2268.npy,['Speech']
melspec_2269.npy,['Speech']
melspec_227.npy,['Speech']
melspec_2270.npy,['Speech']
melspec_2271.npy,['Speech']
melspec_2272.npy,['Speech']
melspec_2273.npy,['Speech']
melspec_2274.npy,['Speech']
melspec_2275.npy,['Speech']
melspec_2276.npy,['Speech']
melspec_2277.npy,['Silence']
melspec_2278.npy,['Speech']
melspec_2279.npy,['Blender']
melspec_228.npy,['Speech']
melspec_2280.npy,"['Cat, Speech']"
melspec_2281.npy,['Speech']
melspec_2282.npy,['Speech']
melspec_2283.npy,['Speech']
melspec_2284.npy,['Speech']
melspec_2285.npy,['Speech']
melspec_2286.npy,['Speech']
melspec_2287.npy,['Speech']
melspec_2288.npy,['Silence']
melspec_2289.npy,['Silence']
melspec_229.npy,"['Blender, Speech']"
melspec_2290.npy,['Silence']
melspec_2291.npy,['Silence']
melspec_2292.npy,['Speech']
melspec_2293.npy,['Speech']
melspec_2294.npy,['Speech']
melspec_2295.npy,"['Blender, Speech']"
melspec_2296.npy,['Speech']
melspec_2297.npy,['Speech']
melspec_2298.npy,['Speech']
melspec_2299.npy,['Speech']
melspec_23.npy,['Silence']
melspec_230.npy,['Speech']
melspec_2300.npy,['Speech']
melspec_2301.npy,['Speech']
melspec_2302.npy,['Speech']
melspec_2303.npy,['Speech']
melspec_2304.npy,['Speech']
melspec_2305.npy,['Speech']
melspec_2306.npy,['Speech']
melspec_2307.npy,"['Blender, Speech']"
melspec_2308.npy,['Speech']
melspec_2309.npy,['Silence']
melspec_231.npy,"['Dog, Speech']"
melspec_2310.npy,['Speech']
melspec_2311.npy,['Speech']
melspec_2312.npy,['Speech']
melspec_2313.npy,['Speech']
melspec_2314.npy,['Speech']
melspec_2315.npy,['Speech']
melspec_2316.npy,['Speech']
melspec_2317.npy,['Silence']
melspec_2318.npy,['Speech']
melspec_2319.npy,['Speech']
melspec_232.npy,['Silence']
melspec_2320.npy,['Speech']
melspec_2321.npy,['Silence']
melspec_2322.npy,['Speech']
melspec_2323.npy,['Speech']
melspec_2324.npy,['Speech']
melspec_2325.npy,['Speech']
melspec_2326.npy,['Speech']
melspec_2327.npy,['Speech']
melspec_2328.npy,['Silence']
melspec_2329.npy,['Speech']
melspec_233.npy,['Speech']
melspec_2330.npy,['Speech']
melspec_2331.npy,['Speech']
melspec_2332.npy,['Speech']
melspec_2333.npy,"['Blender, Speech']"
melspec_2334.npy,['Speech']
melspec_2335.npy,['Silence']
melspec_2336.npy,['Speech']
melspec_2337.npy,['Silence']
melspec_2338.npy,"['Blender, Speech']"
melspec_2339.npy,"['Electric_shaver_toothbrush, Speech']"
melspec_234.npy,['Speech']
melspec_2340.npy,['Blender']
melspec_2341.npy,['Speech']
melspec_2342.npy,['Silence']
melspec_2343.npy,['Speech']
melspec_2344.npy,['Speech']
melspec_2345.npy,['Speech']
melspec_2346.npy,['Speech']
melspec_2347.npy,['Speech']
melspec_2348.npy,['Speech']
melspec_2349.npy,['Speech']
melspec_235.npy,['Speech']
melspec_2350.npy,['Speech']
melspec_2351.npy,['Speech']
melspec_2352.npy,['Speech']
melspec_2353.npy,['Speech']
melspec_2354.npy,['Speech']
melspec_2355.npy,['Silence']
melspec_2356.npy,"['Dog, Speech']"
melspec_2357.npy,['Speech']
melspec_2358.npy,['Speech']
melspec_2359.npy,['Speech']
melspec_236.npy,['Speech']
melspec_2360.npy,['Speech']
melspec_2361.npy,['Blender']
melspec_2362.npy,['Speech']
melspec_2363.npy,['Silence']
melspec_2364.npy,['Speech']
melspec_2365.npy,['Speech']
melspec_2366.npy,['Speech']
melspec_2367.npy,['Speech']
melspec_2368.npy,['Speech']
melspec_2369.npy,['Speech']
melspec_237.npy,['Speech']
melspec_2370.npy,['Silence']
melspec_2371.npy,['Speech']
melspec_2372.npy,['Speech']
melspec_2373.npy,['Speech']
melspec_2374.npy,['Speech']
melspec_2375.npy,['Speech']
melspec_2376.npy,['Silence']
melspec_2377.npy,['Silence']
melspec_2378.npy,['Speech']
melspec_2379.npy,['Speech']
melspec_238.npy,['Speech']
melspec_2380.npy,['Speech']
melspec_2381.npy,['Silence']
melspec_2382.npy,['Speech']
melspec_2383.npy,['Speech']
melspec_2384.npy,['Speech']
melspec_2385.npy,['Speech']
melspec_2386.npy,['Silence']
melspec_2387.npy,['Speech']
melspec_2388.npy,['Speech']
melspec_2389.npy,['Speech']
melspec_239.npy,['Speech']
melspec_2390.npy,['Speech']
melspec_2391.npy,['Speech']
melspec_2392.npy,"['Cat, Frying, Speech']"
melspec_2393.npy,['Speech']
melspec_2394.npy,"['Dog, Speech']"
melspec_2395.npy,['Speech']
melspec_2396.npy,['Silence']
melspec_2397.npy,['Speech']
melspec_2398.npy,['Speech']
melspec_2399.npy,['Speech']
melspec_24.npy,['Silence']
melspec_240.npy,['Speech']
melspec_2400.npy,['Speech']
melspec_2401.npy,['Speech']
melspec_2402.npy,['Speech']
melspec_2403.npy,['Speech']
melspec_2404.npy,['Speech']
melspec_2405.npy,['Silence']
melspec_2406.npy,['Speech']
melspec_2407.npy,['Speech']
melspec_2408.npy,['Speech']
melspec_2409.npy,['Speech']
melspec_241.npy,['Speech']
melspec_2410.npy,['Silence']
melspec_2411.npy,['Speech']
melspec_2412.npy,['Speech']
melspec_2413.npy,['Speech']
melspec_2414.npy,"['Blender, Speech']"
melspec_2415.npy,['Speech']
melspec_2416.npy,['Speech']
melspec_2417.npy,['Speech']
melspec_2418.npy,"['Blender, Speech']"
melspec_2419.npy,['Speech']
melspec_242.npy,['Speech']
melspec_2420.npy,['Speech']
melspec_2421.npy,['Speech']
melspec_2422.npy,['Speech']
melspec_2423.npy,['Speech']
melspec_2424.npy,"['Blender, Speech']"
melspec_2425.npy,['Speech']
melspec_2426.npy,['Speech']
melspec_2427.npy,"['Blender, Speech']"
melspec_2428.npy,"['Cat, Speech']"
melspec_2429.npy,['Silence']
melspec_243.npy,['Speech']
melspec_2430.npy,['Speech']
melspec_2431.npy,"['Cat, Speech']"
melspec_2432.npy,['Speech']
melspec_2433.npy,['Speech']
melspec_2434.npy,['Speech']
melspec_2435.npy,['Speech']
melspec_2436.npy,['Speech']
melspec_2437.npy,['Silence']
melspec_2438.npy,['Silence']
melspec_2439.npy,['Speech']
melspec_244.npy,['Speech']
melspec_2440.npy,['Speech']
melspec_2441.npy,['Speech']
melspec_2442.npy,['Speech']
melspec_2443.npy,['Speech']
melspec_2444.npy,"['Dog, Speech']"
melspec_2445.npy,['Blender']
melspec_2446.npy,['Speech']
melspec_2447.npy,['Speech']
melspec_2448.npy,['Speech']
melspec_2449.npy,['Speech']
melspec_245.npy,['Speech']
melspec_2450.npy,['Speech']
melspec_2451.npy,['Speech']
melspec_2452.npy,"['Blender, Speech']"
melspec_2453.npy,['Speech']
melspec_2454.npy,['Speech']
melspec_2455.npy,['Blender']
melspec_2456.npy,['Speech']
melspec_2457.npy,"['Blender, Speech']"
melspec_2458.npy,"['Blender, Speech']"
melspec_2459.npy,['Speech']
melspec_246.npy,['Speech']
melspec_2460.npy,['Speech']
melspec_2461.npy,['Speech']
melspec_2462.npy,['Speech']
melspec_2463.npy,['Speech']
melspec_2464.npy,['Speech']
melspec_2465.npy,['Speech']
melspec_2466.npy,['Silence']
melspec_2467.npy,['Blender']
melspec_2468.npy,['Speech']
melspec_2469.npy,['Speech']
melspec_247.npy,['Silence']
melspec_2470.npy,['Speech']
melspec_2471.npy,['Speech']
melspec_2472.npy,['Speech']
melspec_2473.npy,['Speech']
melspec_2474.npy,['Speech']
melspec_2475.npy,"['Blender, Speech']"
melspec_2476.npy,['Speech']
melspec_2477.npy,['Speech']
melspec_2478.npy,['Speech']
melspec_2479.npy,"['Blender, Speech']"
melspec_248.npy,['Speech']
melspec_2480.npy,['Speech']
melspec_2481.npy,['Speech']
melspec_2482.npy,['Silence']
melspec_2483.npy,['Speech']
melspec_2484.npy,['Silence']
melspec_2485.npy,['Speech']
melspec_2486.npy,['Silence']
melspec_2487.npy,['Speech']
melspec_2488.npy,['Speech']
melspec_2489.npy,"['Dog, Speech']"
melspec_249.npy,['Speech']
melspec_2490.npy,['Speech']
melspec_2491.npy,['Silence']
melspec_2492.npy,['Speech']
melspec_2493.npy,['Speech']
melspec_2494.npy,['Silence']
melspec_2495.npy,['Speech']
melspec_2496.npy,['Speech']
melspec_2497.npy,['Silence']
melspec_2498.npy,['Speech']
melspec_2499.npy,['Speech']
melspec_25.npy,['Speech']
melspec_250.npy,['Speech']
melspec_251.npy,['Speech']
melspec_252.npy,['Speech']
melspec_253.npy,['Silence']
melspec_254.npy,"['Blender, Speech']"
melspec_255.npy,['Speech']
melspec_256.npy,['Speech']
melspec_257.npy,['Speech']
melspec_258.npy,['Speech']
melspec_259.npy,['Speech']
melspec_26.npy,['Speech']
melspec_260.npy,['Speech']
melspec_261.npy,['Speech']
melspec_262.npy,['Speech']
melspec_263.npy,['Speech']
melspec_264.npy,['Speech']
melspec_265.npy,['Speech']
melspec_266.npy,['Speech']
melspec_267.npy,['Speech']
melspec_268.npy,['Speech']
melspec_269.npy,['Speech']
melspec_27.npy,['Speech']
melspec_270.npy,['Speech']
melspec_271.npy,['Speech']
melspec_272.npy,['Speech']
melspec_273.npy,['Speech']
melspec_274.npy,"['Cat, Speech']"
melspec_275.npy,['Silence']
melspec_276.npy,['Silence']
melspec_277.npy,['Speech']
melspec_278.npy,['Silence']
melspec_279.npy,['Speech']
melspec_28.npy,['Speech']
melspec_280.npy,"['Blender, Dog, Speech']"
melspec_281.npy,['Cat']
melspec_282.npy,['Speech']
melspec_283.npy,['Speech']
melspec_284.npy,"['Blender, Speech']"
melspec_285.npy,['Speech']
melspec_286.npy,['Silence']
melspec_287.npy,['Silence']
melspec_288.npy,['Speech']
melspec_289.npy,['Silence']
melspec_29.npy,['Speech']
melspec_290.npy,['Speech']
melspec_291.npy,['Speech']
melspec_292.npy,['Speech']
melspec_293.npy,['Speech']
melspec_294.npy,['Speech']
melspec_295.npy,['Silence']
melspec_296.npy,['Speech']
melspec_297.npy,['Speech']
melspec_298.npy,['Speech']
melspec_299.npy,['Speech']
melspec_3.npy,['Silence']
melspec_30.npy,['Speech']
melspec_300.npy,['Speech']
melspec_301.npy,['Speech']
melspec_302.npy,['Speech']
melspec_303.npy,['Speech']
melspec_304.npy,['Speech']
melspec_305.npy,['Speech']
melspec_306.npy,['Speech']
melspec_307.npy,['Speech']
melspec_308.npy,['Speech']
melspec_309.npy,['Speech']
melspec_31.npy,['Speech']
melspec_310.npy,['Speech']
melspec_311.npy,['Speech']
melspec_312.npy,['Speech']
melspec_313.npy,['Speech']
melspec_314.npy,['Speech']
melspec_315.npy,['Speech']
melspec_316.npy,['Silence']
melspec_317.npy,['Silence']
melspec_318.npy,['Speech']
melspec_319.npy,['Silence']
melspec_32.npy,"['Dog, Speech']"
melspec_320.npy,['Speech']
melspec_321.npy,['Silence']
melspec_322.npy,['Speech']
melspec_323.npy,['Speech']
melspec_324.npy,['Silence']
melspec_325.npy,['Speech']
melspec_326.npy,['Silence']
melspec_327.npy,"['Blender, Speech']"
melspec_328.npy,['Silence']
melspec_329.npy,['Silence']
melspec_33.npy,['Speech']
melspec_330.npy,['Speech']
melspec_331.npy,['Silence']
melspec_332.npy,['Speech']
melspec_333.npy,['Speech']
melspec_334.npy,['Speech']
melspec_335.npy,['Speech']
melspec_336.npy,['Speech']
melspec_337.npy,['Speech']
melspec_338.npy,['Speech']
melspec_339.npy,['Speech']
melspec_34.npy,"['Blender, Speech']"
melspec_340.npy,['Speech']
melspec_341.npy,"['Blender, Speech']"
melspec_342.npy,['Speech']
melspec_343.npy,['Speech']
melspec_344.npy,['Speech']
melspec_345.npy,['Speech']
melspec_346.npy,['Speech']
melspec_347.npy,['Speech']
melspec_348.npy,['Speech']
melspec_349.npy,['Speech']
melspec_35.npy,['Speech']
melspec_350.npy,['Speech']
melspec_351.npy,['Speech']
melspec_352.npy,['Silence']
melspec_353.npy,"['Blender, Speech']"
melspec_354.npy,['Speech']
melspec_355.npy,['Silence']
melspec_356.npy,['Speech']
melspec_357.npy,['Speech']
melspec_358.npy,['Speech']
melspec_359.npy,['Speech']
melspec_36.npy,['Speech']
melspec_360.npy,['Speech']
melspec_361.npy,['Speech']
melspec_362.npy,['Silence']
melspec_363.npy,['Speech']
melspec_364.npy,['Speech']
melspec_365.npy,['Speech']
melspec_366.npy,['Speech']
melspec_367.npy,['Speech']
melspec_368.npy,"['Blender, Speech']"
melspec_369.npy,"['Cat, Speech']"
melspec_37.npy,['Speech']
melspec_370.npy,['Speech']
melspec_371.npy,['Speech']
melspec_372.npy,['Speech']
melspec_373.npy,['Speech']
melspec_374.npy,['Silence']
melspec_375.npy,['Speech']
melspec_376.npy,['Speech']
melspec_377.npy,['Speech']
melspec_378.npy,['Speech']
melspec_379.npy,['Speech']
melspec_38.npy,['Speech']
melspec_380.npy,['Speech']
melspec_381.npy,['Speech']
melspec_382.npy,['Speech']
melspec_383.npy,['Silence']
melspec_384.npy,['Speech']
melspec_385.npy,['Speech']
melspec_386.npy,['Speech']
melspec_387.npy,['Speech']
melspec_388.npy,['Speech']
melspec_389.npy,['Speech']
melspec_39.npy,"['Blender, Speech']"
melspec_390.npy,['Speech']
melspec_391.npy,['Speech']
melspec_392.npy,['Speech']
melspec_393.npy,['Silence']
melspec_394.npy,['Silence']
melspec_395.npy,"['Blender, Speech']"
melspec_396.npy,['Speech']
melspec_397.npy,['Speech']
melspec_398.npy,['Speech']
melspec_399.npy,['Speech']
melspec_4.npy,['Silence']
melspec_40.npy,['Speech']
melspec_400.npy,['Speech']
melspec_401.npy,['Speech']
melspec_402.npy,['Speech']
melspec_403.npy,['Silence']
melspec_404.npy,['Speech']
melspec_405.npy,['Silence']
melspec_406.npy,['Speech']
melspec_407.npy,['Silence']
melspec_408.npy,['Silence']
melspec_409.npy,['Speech']
melspec_41.npy,['Speech']
melspec_410.npy,['Speech']
melspec_411.npy,['Speech']
melspec_412.npy,['Speech']
melspec_413.npy,['Speech']
melspec_414.npy,['Silence']
melspec_415.npy,['Speech']
melspec_416.npy,['Silence']
melspec_417.npy,['Speech']
melspec_418.npy,['Speech']
melspec_419.npy,['Speech']
melspec_42.npy,['Speech']
melspec_420.npy,['Speech']
melspec_421.npy,['Silence']
melspec_422.npy,['Speech']
melspec_423.npy,['Speech']
melspec_424.npy,['Silence']
melspec_425.npy,['Speech']
melspec_426.npy,['Speech']
melspec_427.npy,['Speech']
melspec_428.npy,['Speech']
melspec_429.npy,['Speech']
melspec_43.npy,"['Blender, Speech']"
melspec_430.npy,['Speech']
melspec_431.npy,['Speech']
melspec_432.npy,['Speech']
melspec_433.npy,['Speech']
melspec_434.npy,"['Blender, Speech']"
melspec_435.npy,['Speech']
melspec_436.npy,['Speech']
melspec_437.npy,['Speech']
melspec_438.npy,['Speech']
melspec_439.npy,['Speech']
melspec_44.npy,['Silence']
melspec_440.npy,"['Blender, Speech']"
melspec_441.npy,['Silence']
melspec_442.npy,['Speech']
melspec_443.npy,['Speech']
melspec_444.npy,['Speech']
melspec_445.npy,['Speech']
melspec_446.npy,['Silence']
melspec_447.npy,['Speech']
melspec_448.npy,['Silence']
melspec_449.npy,['Speech']
melspec_45.npy,['Speech']
melspec_450.npy,['Speech']
melspec_451.npy,"['Blender, Speech']"
melspec_452.npy,['Silence']
melspec_453.npy,['Speech']
melspec_454.npy,['Speech']
melspec_455.npy,['Speech']
melspec_456.npy,['Silence']
melspec_457.npy,['Speech']
melspec_458.npy,['Speech']
melspec_459.npy,['Speech']
melspec_46.npy,['Silence']
melspec_460.npy,['Speech']
melspec_461.npy,['Speech']
melspec_462.npy,['Speech']
melspec_463.npy,['Speech']
melspec_464.npy,['Speech']
melspec_465.npy,['Speech']
melspec_466.npy,"['Blender, Speech']"
melspec_467.npy,['Silence']
melspec_468.npy,['Speech']
melspec_469.npy,"['Blender, Speech']"
melspec_47.npy,['Silence']
melspec_470.npy,['Silence']
melspec_471.npy,['Speech']
melspec_472.npy,['Speech']
melspec_473.npy,['Speech']
melspec_474.npy,['Speech']
melspec_475.npy,['Silence']
melspec_476.npy,['Speech']
melspec_477.npy,"['Electric_shaver_toothbrush, Speech']"
melspec_478.npy,['Speech']
melspec_479.npy,['Speech']
melspec_48.npy,['Speech']
melspec_480.npy,['Speech']
melspec_481.npy,['Speech']
melspec_482.npy,['Speech']
melspec_483.npy,['Speech']
melspec_484.npy,['Speech']
melspec_485.npy,['Speech']
melspec_486.npy,['Speech']
melspec_487.npy,['Speech']
melspec_488.npy,['Speech']
melspec_489.npy,['Silence']
melspec_49.npy,['Speech']
melspec_490.npy,['Silence']
melspec_491.npy,['Speech']
melspec_492.npy,['Speech']
melspec_493.npy,['Speech']
melspec_494.npy,['Speech']
melspec_495.npy,"['Dog, Speech']"
melspec_496.npy,['Silence']
melspec_497.npy,['Speech']
melspec_498.npy,['Speech']
melspec_499.npy,['Speech']
melspec_5.npy,['Silence']
melspec_50.npy,['Speech']
melspec_500.npy,"['Dog, Speech']"
melspec_501.npy,['Speech']
melspec_502.npy,['Speech']
melspec_503.npy,['Silence']
melspec_504.npy,"['Blender, Speech']"
melspec_505.npy,['Speech']
melspec_506.npy,['Speech']
melspec_507.npy,['Speech']
melspec_508.npy,['Silence']
melspec_509.npy,['Speech']
melspec_51.npy,['Speech']
melspec_510.npy,['Silence']
melspec_511.npy,['Silence']
melspec_512.npy,['Speech']
melspec_513.npy,['Speech']
melspec_514.npy,['Speech']
melspec_515.npy,['Speech']
melspec_516.npy,['Speech']
melspec_517.npy,"['Dog, Speech']"
melspec_518.npy,['Speech']
melspec_519.npy,"['Blender, Dog, Speech']"
melspec_52.npy,['Speech']
melspec_520.npy,['Speech']
melspec_521.npy,['Speech']
melspec_522.npy,['Silence']
melspec_523.npy,['Speech']
melspec_524.npy,['Speech']
melspec_525.npy,['Speech']
melspec_526.npy,['Speech']
melspec_527.npy,['Speech']
melspec_528.npy,"['Blender, Speech']"
melspec_529.npy,['Silence']
melspec_53.npy,['Speech']
melspec_530.npy,['Speech']
melspec_531.npy,['Speech']
melspec_532.npy,['Speech']
melspec_533.npy,['Speech']
melspec_534.npy,['Speech']
melspec_535.npy,['Blender']
melspec_536.npy,['Speech']
melspec_537.npy,['Speech']
melspec_538.npy,['Speech']
melspec_539.npy,['Silence']
melspec_54.npy,['Speech']
melspec_540.npy,['Speech']
melspec_541.npy,['Speech']
melspec_542.npy,['Speech']
melspec_543.npy,['Speech']
melspec_544.npy,['Speech']
melspec_545.npy,['Speech']
melspec_546.npy,['Silence']
melspec_547.npy,['Speech']
melspec_548.npy,['Speech']
melspec_549.npy,['Speech']
melspec_55.npy,['Speech']
melspec_550.npy,['Speech']
melspec_551.npy,['Silence']
melspec_552.npy,['Speech']
melspec_553.npy,"['Dog, Speech']"
melspec_554.npy,['Speech']
melspec_555.npy,['Speech']
melspec_556.npy,"['Dog, Speech']"
melspec_557.npy,['Speech']
melspec_558.npy,['Speech']
melspec_559.npy,['Speech']
melspec_56.npy,['Speech']
melspec_560.npy,['Silence']
melspec_561.npy,['Speech']
melspec_562.npy,['Speech']
melspec_563.npy,['Speech']
melspec_564.npy,['Speech']
melspec_565.npy,['Speech']
melspec_566.npy,['Speech']
melspec_567.npy,['Speech']
melspec_568.npy,['Speech']
melspec_569.npy,['Blender']
melspec_57.npy,['Speech']
melspec_570.npy,['Silence']
melspec_571.npy,['Speech']
melspec_572.npy,['Speech']
melspec_573.npy,['Speech']
melspec_574.npy,['Speech']
melspec_575.npy,['Speech']
melspec_576.npy,['Speech']
melspec_577.npy,['Speech']
melspec_578.npy,['Speech']
melspec_579.npy,['Speech']
melspec_58.npy,['Speech']
melspec_580.npy,['Speech']
melspec_581.npy,['Speech']
melspec_582.npy,['Speech']
melspec_583.npy,['Speech']
melspec_584.npy,['Speech']
melspec_585.npy,['Speech']
melspec_586.npy,"['Blender, Speech']"
melspec_587.npy,['Silence']
melspec_588.npy,"['Blender, Speech']"
melspec_589.npy,['Speech']
melspec_59.npy,['Silence']
melspec_590.npy,['Silence']
melspec_591.npy,['Speech']
melspec_592.npy,['Speech']
melspec_593.npy,['Silence']
melspec_594.npy,['Speech']
melspec_595.npy,"['Blender, Speech']"
melspec_596.npy,['Speech']
melspec_597.npy,['Speech']
melspec_598.npy,['Speech']
melspec_599.npy,"['Blender, Speech']"
melspec_6.npy,['Silence']
melspec_60.npy,['Speech']
melspec_600.npy,['Speech']
melspec_601.npy,['Speech']
melspec_602.npy,['Speech']
melspec_603.npy,['Speech']
melspec_604.npy,['Speech']
melspec_605.npy,['Speech']
melspec_606.npy,['Speech']
melspec_607.npy,"['Blender, Speech']"
melspec_608.npy,"['Dog, Speech']"
melspec_609.npy,['Speech']
melspec_61.npy,['Speech']
melspec_610.npy,['Speech']
melspec_611.npy,['Speech']
melspec_612.npy,['Speech']
melspec_613.npy,['Silence']
melspec_614.npy,['Speech']
melspec_615.npy,"['Blender, Cat, Speech']"
melspec_616.npy,['Speech']
melspec_617.npy,['Speech']
melspec_618.npy,['Speech']
melspec_619.npy,['Speech']
melspec_62.npy,['Speech']
melspec_620.npy,['Silence']
melspec_621.npy,['Silence']
melspec_622.npy,['Silence']
melspec_623.npy,['Silence']
melspec_624.npy,['Speech']
melspec_625.npy,['Speech']
melspec_626.npy,['Speech']
melspec_627.npy,['Speech']
melspec_628.npy,['Speech']
melspec_629.npy,['Speech']
melspec_63.npy,"['Blender, Speech']"
melspec_630.npy,['Speech']
melspec_631.npy,['Speech']
melspec_632.npy,['Silence']
melspec_633.npy,['Speech']
melspec_634.npy,['Silence']
melspec_635.npy,['Speech']
melspec_636.npy,['Speech']
melspec_637.npy,['Speech']
melspec_638.npy,"['Cat, Speech']"
melspec_639.npy,['Speech']
melspec_64.npy,['Speech']
melspec_640.npy,['Speech']
melspec_641.npy,['Speech']
melspec_642.npy,['Speech']
melspec_643.npy,['Speech']
melspec_644.npy,['Speech']
melspec_645.npy,['Speech']
melspec_646.npy,['Speech']
melspec_647.npy,['Speech']
melspec_648.npy,"['Blender, Speech']"
melspec_649.npy,['Silence']
melspec_65.npy,['Speech']
melspec_650.npy,['Speech']
melspec_651.npy,['Silence']
melspec_652.npy,['Speech']
melspec_653.npy,['Silence']
melspec_654.npy,['Speech']
melspec_655.npy,['Speech']
melspec_656.npy,['Speech']
melspec_657.npy,['Speech']
melspec_658.npy,['Speech']
melspec_659.npy,['Speech']
melspec_66.npy,"['Blender, Speech']"
melspec_660.npy,['Speech']
melspec_661.npy,['Silence']
melspec_662.npy,['Speech']
melspec_663.npy,"['Blender, Speech']"
melspec_664.npy,['Speech']
melspec_665.npy,['Speech']
melspec_666.npy,['Speech']
melspec_667.npy,['Speech']
melspec_668.npy,['Speech']
melspec_669.npy,['Speech']
melspec_67.npy,"['Blender, Speech']"
melspec_670.npy,['Speech']
melspec_671.npy,['Speech']
melspec_672.npy,['Speech']
melspec_673.npy,['Speech']
melspec_674.npy,['Speech']
melspec_675.npy,['Speech']
melspec_676.npy,['Blender']
melspec_677.npy,['Speech']
melspec_678.npy,['Speech']
melspec_679.npy,"['Blender, Speech']"
melspec_68.npy,['Speech']
melspec_680.npy,['Speech']
melspec_681.npy,['Silence']
melspec_682.npy,['Speech']
melspec_683.npy,['Speech']
melspec_684.npy,['Speech']
melspec_685.npy,"['Blender, Speech']"
melspec_686.npy,['Speech']
melspec_687.npy,['Blender']
melspec_688.npy,['Speech']
melspec_689.npy,['Speech']
melspec_69.npy,['Speech']
melspec_690.npy,['Speech']
melspec_691.npy,['Speech']
melspec_692.npy,['Speech']
melspec_693.npy,['Speech']
melspec_694.npy,['Silence']
melspec_695.npy,['Speech']
melspec_696.npy,"['Blender, Dog, Speech']"
melspec_697.npy,['Silence']
melspec_698.npy,['Speech']
melspec_699.npy,"['Blender, Running_water, Speech']"
melspec_7.npy,['Speech']
melspec_70.npy,['Silence']
melspec_700.npy,['Speech']
melspec_701.npy,['Speech']
melspec_702.npy,['Speech']
melspec_703.npy,['Speech']
melspec_704.npy,['Silence']
melspec_705.npy,['Speech']
melspec_706.npy,['Silence']
melspec_707.npy,['Silence']
melspec_708.npy,['Speech']
melspec_709.npy,['Speech']
melspec_71.npy,['Speech']
melspec_710.npy,['Speech']
melspec_711.npy,['Speech']
melspec_712.npy,['Silence']
melspec_713.npy,['Speech']
melspec_714.npy,['Speech']
melspec_715.npy,['Speech']
melspec_716.npy,['Speech']
melspec_717.npy,['Silence']
melspec_718.npy,['Speech']
melspec_719.npy,['Speech']
melspec_72.npy,['Speech']
melspec_720.npy,['Speech']
melspec_721.npy,"['Blender, Speech']"
melspec_722.npy,"['Blender, Speech']"
melspec_723.npy,['Speech']
melspec_724.npy,['Speech']
melspec_725.npy,['Silence']
melspec_726.npy,['Speech']
melspec_727.npy,['Speech']
melspec_728.npy,['Speech']
melspec_729.npy,"['Cat, Frying, Speech']"
melspec_73.npy,['Speech']
melspec_730.npy,"['Blender, Speech']"
melspec_731.npy,['Speech']
melspec_732.npy,['Speech']
melspec_733.npy,['Speech']
melspec_734.npy,['Speech']
melspec_735.npy,['Speech']
melspec_736.npy,['Speech']
melspec_737.npy,['Speech']
melspec_738.npy,['Speech']
melspec_739.npy,['Speech']
melspec_74.npy,['Speech']
melspec_740.npy,['Silence']
melspec_741.npy,['Speech']
melspec_742.npy,['Speech']
melspec_743.npy,['Speech']
melspec_744.npy,['Silence']
melspec_745.npy,['Speech']
melspec_746.npy,['Speech']
melspec_747.npy,['Speech']
melspec_748.npy,['Speech']
melspec_749.npy,['Speech']
melspec_75.npy,['Speech']
melspec_750.npy,['Speech']
melspec_751.npy,['Speech']
melspec_752.npy,"['Blender, Speech']"
melspec_753.npy,['Speech']
melspec_754.npy,['Speech']
melspec_755.npy,['Speech']
melspec_756.npy,['Speech']
melspec_757.npy,['Speech']
melspec_758.npy,['Silence']
melspec_759.npy,"['Blender, Speech']"
melspec_76.npy,['Speech']
melspec_760.npy,"['Blender, Speech']"
melspec_761.npy,['Speech']
melspec_762.npy,['Speech']
melspec_763.npy,['Speech']
melspec_764.npy,['Speech']
melspec_765.npy,['Speech']
melspec_766.npy,['Speech']
melspec_767.npy,['Speech']
melspec_768.npy,['Speech']
melspec_769.npy,['Speech']
melspec_77.npy,['Speech']
melspec_770.npy,['Silence']
melspec_771.npy,['Cat']
melspec_772.npy,['Speech']
melspec_773.npy,['Speech']
melspec_774.npy,['Speech']
melspec_775.npy,['Silence']
melspec_776.npy,"['Blender, Dog']"
melspec_777.npy,['Silence']
melspec_778.npy,['Speech']
melspec_779.npy,['Silence']
melspec_78.npy,['Silence']
melspec_780.npy,['Speech']
melspec_781.npy,['Speech']
melspec_782.npy,['Silence']
melspec_783.npy,['Speech']
melspec_784.npy,"['Electric_shaver_toothbrush, Speech']"
melspec_785.npy,['Speech']
melspec_786.npy,['Speech']
melspec_787.npy,['Speech']
melspec_788.npy,['Speech']
melspec_789.npy,['Speech']
melspec_79.npy,['Speech']
melspec_790.npy,['Speech']
melspec_791.npy,['Silence']
melspec_792.npy,['Speech']
melspec_793.npy,['Speech']
melspec_794.npy,['Speech']
melspec_795.npy,['Speech']
melspec_796.npy,['Speech']
melspec_797.npy,['Speech']
melspec_798.npy,['Speech']
melspec_799.npy,['Silence']
melspec_8.npy,['Silence']
melspec_80.npy,['Speech']
melspec_800.npy,['Speech']
melspec_801.npy,['Speech']
melspec_802.npy,['Speech']
melspec_803.npy,['Speech']
melspec_804.npy,['Speech']
melspec_805.npy,"['Blender, Speech']"
melspec_806.npy,['Speech']
melspec_807.npy,['Speech']
melspec_808.npy,['Speech']
melspec_809.npy,['Speech']
melspec_81.npy,"['Blender, Speech']"
melspec_810.npy,['Speech']
melspec_811.npy,['Silence']
melspec_812.npy,['Speech']
melspec_813.npy,['Speech']
melspec_814.npy,['Speech']
melspec_815.npy,['Speech']
melspec_816.npy,"['Cat, Dog, Speech']"
melspec_817.npy,['Silence']
melspec_818.npy,['Speech']
melspec_819.npy,['Speech']
melspec_82.npy,['Speech']
melspec_820.npy,['Speech']
melspec_821.npy,['Speech']
melspec_822.npy,['Speech']
melspec_823.npy,['Speech']
melspec_824.npy,['Speech']
melspec_825.npy,['Speech']
melspec_826.npy,['Speech']
melspec_827.npy,['Speech']
melspec_828.npy,['Silence']
melspec_829.npy,['Speech']
melspec_83.npy,['Speech']
melspec_830.npy,['Speech']
melspec_831.npy,['Speech']
melspec_832.npy,['Silence']
melspec_833.npy,['Speech']
melspec_834.npy,['Speech']
melspec_835.npy,['Speech']
melspec_836.npy,['Speech']
melspec_837.npy,['Silence']
melspec_838.npy,['Silence']
melspec_839.npy,['Speech']
melspec_84.npy,['Speech']
melspec_840.npy,['Speech']
melspec_841.npy,['Speech']
melspec_842.npy,['Silence']
melspec_843.npy,['Speech']
melspec_844.npy,"['Blender, Speech']"
melspec_845.npy,['Speech']
melspec_846.npy,['Speech']
melspec_847.npy,['Speech']
melspec_848.npy,['Speech']
melspec_849.npy,['Speech']
melspec_85.npy,['Speech']
melspec_850.npy,['Speech']
melspec_851.npy,['Speech']
melspec_852.npy,['Speech']
melspec_853.npy,['Speech']
melspec_854.npy,['Silence']
melspec_855.npy,['Speech']
melspec_856.npy,['Speech']
melspec_857.npy,['Speech']
melspec_858.npy,['Silence']
melspec_859.npy,['Speech']
melspec_86.npy,['Speech']
melspec_860.npy,['Silence']
melspec_861.npy,['Silence']
melspec_862.npy,['Speech']
melspec_863.npy,"['Blender, Speech']"
melspec_864.npy,['Speech']
melspec_865.npy,['Speech']
melspec_866.npy,['Speech']
melspec_867.npy,['Speech']
melspec_868.npy,['Silence']
melspec_869.npy,['Speech']
melspec_87.npy,['Speech']
melspec_870.npy,['Speech']
melspec_871.npy,['Speech']
melspec_872.npy,['Silence']
melspec_873.npy,['Speech']
melspec_874.npy,['Speech']
melspec_875.npy,['Speech']
melspec_876.npy,['Speech']
melspec_877.npy,['Silence']
melspec_878.npy,['Speech']
melspec_879.npy,['Speech']
melspec_88.npy,['Speech']
melspec_880.npy,['Silence']
melspec_881.npy,['Speech']
melspec_882.npy,['Speech']
melspec_883.npy,['Speech']
melspec_884.npy,"['Cat, Frying, Speech']"
melspec_885.npy,['Speech']
melspec_886.npy,['Speech']
melspec_887.npy,['Silence']
melspec_888.npy,"['Dog, Speech']"
melspec_889.npy,['Speech']
melspec_89.npy,['Speech']
melspec_890.npy,['Speech']
melspec_891.npy,['Speech']
melspec_892.npy,['Speech']
melspec_893.npy,"['Blender, Speech']"
melspec_894.npy,['Speech']
melspec_895.npy,['Silence']
melspec_896.npy,['Speech']
melspec_897.npy,['Silence']
melspec_898.npy,"['Dog, Speech']"
melspec_899.npy,['Speech']
melspec_9.npy,"['Electric_shaver_toothbrush, Speech']"
melspec_90.npy,['Speech']
melspec_900.npy,['Speech']
melspec_901.npy,['Speech']
melspec_902.npy,"['Blender, Speech']"
melspec_903.npy,['Speech']
melspec_904.npy,['Speech']
melspec_905.npy,['Speech']
melspec_906.npy,['Speech']
melspec_907.npy,['Speech']
melspec_908.npy,['Speech']
melspec_909.npy,"['Blender, Speech']"
melspec_91.npy,['Speech']
melspec_910.npy,['Speech']
melspec_911.npy,['Speech']
melspec_912.npy,['Silence']
melspec_913.npy,['Silence']
melspec_914.npy,"['Cat, Speech']"
melspec_915.npy,['Blender']
melspec_916.npy,['Silence']
melspec_917.npy,['Speech']
melspec_918.npy,['Speech']
melspec_919.npy,['Speech']
melspec_92.npy,['Speech']
melspec_920.npy,['Speech']
melspec_921.npy,['Speech']
melspec_922.npy,['Silence']
melspec_923.npy,['Speech']
melspec_924.npy,['Speech']
melspec_925.npy,['Speech']
melspec_926.npy,['Dog']
melspec_927.npy,['Silence']
melspec_928.npy,['Speech']
melspec_929.npy,['Speech']
melspec_93.npy,['Speech']
melspec_930.npy,['Speech']
melspec_931.npy,['Speech']
melspec_932.npy,['Speech']
melspec_933.npy,['Speech']
melspec_934.npy,['Speech']
melspec_935.npy,['Speech']
melspec_936.npy,['Speech']
melspec_937.npy,['Speech']
melspec_938.npy,['Speech']
melspec_939.npy,['Speech']
melspec_94.npy,['Speech']
melspec_940.npy,['Speech']
melspec_941.npy,['Speech']
melspec_942.npy,['Speech']
melspec_943.npy,['Speech']
melspec_944.npy,['Speech']
melspec_945.npy,['Speech']
melspec_946.npy,"['Dog, Speech']"
melspec_947.npy,['Speech']
melspec_948.npy,['Speech']
melspec_949.npy,['Speech']
melspec_95.npy,['Speech']
melspec_950.npy,['Speech']
melspec_951.npy,['Speech']
melspec_952.npy,['Speech']
melspec_953.npy,['Speech']
melspec_954.npy,['Speech']
melspec_955.npy,['Blender']
melspec_956.npy,['Speech']
melspec_957.npy,['Silence']
melspec_958.npy,['Silence']
melspec_959.npy,['Speech']
melspec_96.npy,['Speech']
melspec_960.npy,['Speech']
melspec_961.npy,['Silence']
melspec_962.npy,['Speech']
melspec_963.npy,"['Dog, Speech']"
melspec_964.npy,"['Blender, Speech']"
melspec_965.npy,['Speech']
melspec_966.npy,['Speech']
melspec_967.npy,['Speech']
melspec_968.npy,['Speech']
melspec_969.npy,['Speech']
melspec_97.npy,['Speech']
melspec_970.npy,['Speech']
melspec_971.npy,['Speech']
melspec_972.npy,['Silence']
melspec_973.npy,['Silence']
melspec_974.npy,['Speech']
melspec_975.npy,['Speech']
melspec_976.npy,['Speech']
melspec_977.npy,['Speech']
melspec_978.npy,['Silence']
melspec_979.npy,['Silence']
melspec_98.npy,"['Dog, Speech']"
melspec_980.npy,['Speech']
melspec_981.npy,['Speech']
melspec_982.npy,['Speech']
melspec_983.npy,['Speech']
melspec_984.npy,['Speech']
melspec_985.npy,['Blender']
melspec_986.npy,['Speech']
melspec_987.npy,['Speech']
melspec_988.npy,['Speech']
melspec_989.npy,['Speech']
melspec_99.npy,['Speech']
melspec_990.npy,['Speech']
melspec_991.npy,['Speech']
melspec_992.npy,['Speech']
melspec_993.npy,['Speech']
melspec_994.npy,['Speech']
melspec_995.npy,['Silence']
melspec_996.npy,['Silence']
melspec_997.npy,['Speech']
melspec_998.npy,['Speech']
melspec_999.npy,['Blender']
